Title,Price,Rating,Colors,Size,Gender,Timestamp
T-shirt 2,1634400.0,3.9,3,M,Women,2025-05-19 21:11:46.821976
Hoodie 3,7950080.0,4.8,3,L,Unisex,2025-05-19 21:11:46.821976
Pants 4,7476960.0,3.3,3,XL,Men,2025-05-19 21:11:46.822990
Outerwear 5,5145440.0,3.5,3,XXL,Women,2025-05-19 21:11:46.824086
Jacket 6,2453920.0,3.3,3,S,Unisex,2025-05-19 21:11:46.825112
Crewneck 7,6892000.0,4.3,3,M,Men,2025-05-19 21:11:46.825112
T-shirt 8,7802560.0,3.1,3,L,Women,2025-05-19 21:11:46.826116
Hoodie 9,3972160.0,3.2,3,XL,Unisex,2025-05-19 21:11:46.826116
Pants 10,3100160.0,4.2,3,XXL,Men,2025-05-19 21:11:46.827117
Jacket 12,8527840.0,3.9,3,M,Unisex,2025-05-19 21:11:46.827117
Crewneck 13,5447200.0,3.2,3,L,Men,2025-05-19 21:11:46.828124
T-shirt 14,3248800.0,3.8,3,XL,Women,2025-05-19 21:11:46.828642
Hoodie 15,2184160.0,3.6,3,XXL,Unisex,2025-05-19 21:11:46.828642
Outerwear 17,841600.0,3.8,3,M,Women,2025-05-19 21:11:46.829681
Jacket 18,5500000.0,3.8,3,L,Unisex,2025-05-19 21:11:46.830676
Crewneck 19,1308960.0,3.6,3,XL,Men,2025-05-19 21:11:46.830676
T-shirt 20,1325600.0,3.4,3,XXL,Women,2025-05-19 21:11:46.831680
Pants 22,4319680.0,4.9,3,M,Men,2025-05-19 21:11:47.959000
Outerwear 23,4655840.0,3.7,3,L,Women,2025-05-19 21:11:47.960187
Jacket 24,8223520.0,3.9,3,XL,Unisex,2025-05-19 21:11:47.960187
Crewneck 25,8322559.999999999,3.3,3,XXL,Men,2025-05-19 21:11:47.960187
T-shirt 26,7292320.0,4.6,3,S,Women,2025-05-19 21:11:47.961605
Hoodie 27,3551840.0,4.8,3,M,Unisex,2025-05-19 21:11:47.961605
Pants 28,5216160.0,4.0,3,L,Men,2025-05-19 21:11:47.961605
Outerwear 29,861600.0,3.1,3,XL,Women,2025-05-19 21:11:47.962971
Jacket 30,8610240.0,3.7,3,XXL,Unisex,2025-05-19 21:11:47.962971
T-shirt 32,6657920.0,3.4,3,M,Women,2025-05-19 21:11:47.964021
Hoodie 33,7248160.0,3.5,3,L,Unisex,2025-05-19 21:11:47.964995
Pants 34,8362719.999999999,3.8,3,XL,Men,2025-05-19 21:11:47.964995
Outerwear 35,1356160.0,3.8,3,XXL,Women,2025-05-19 21:11:47.964995
Jacket 36,7249280.0,3.7,3,S,Unisex,2025-05-19 21:11:47.966050
Crewneck 37,6006080.0,4.0,3,M,Men,2025-05-19 21:11:47.966050
T-shirt 38,4866080.0,3.2,3,L,Women,2025-05-19 21:11:47.967111
Hoodie 39,6431200.0,4.6,3,XL,Unisex,2025-05-19 21:11:47.967111
Pants 40,5853600.0,3.1,3,XXL,Men,2025-05-19 21:11:47.968093
Jacket 42,6744160.0,3.7,3,M,Unisex,2025-05-19 21:11:49.103289
Crewneck 43,2909600.0,4.5,3,L,Men,2025-05-19 21:11:49.103289
T-shirt 44,3312320.0,3.0,3,XL,Women,2025-05-19 21:11:49.104294
Hoodie 45,8693120.0,4.5,3,XXL,Unisex,2025-05-19 21:11:49.104294
Outerwear 47,6364640.0,3.2,3,M,Women,2025-05-19 21:11:49.105285
Jacket 48,4994720.0,3.4,3,L,Unisex,2025-05-19 21:11:49.105285
Crewneck 49,1071200.0,4.0,3,XL,Men,2025-05-19 21:11:49.107274
T-shirt 50,5932960.0,3.1,3,XXL,Women,2025-05-19 21:11:49.107274
Pants 52,1596480.0,4.0,3,M,Men,2025-05-19 21:11:49.109347
Outerwear 53,4470880.0,4.3,3,L,Women,2025-05-19 21:11:49.109347
Jacket 54,854560.0,4.2,3,XL,Unisex,2025-05-19 21:11:49.109347
Crewneck 55,1793760.0,3.6,3,XXL,Men,2025-05-19 21:11:49.110882
T-shirt 56,4643040.0,3.8,3,S,Women,2025-05-19 21:11:49.111928
Hoodie 57,3155360.0,4.9,3,M,Unisex,2025-05-19 21:11:49.111928
Pants 58,1637760.0,4.4,3,L,Men,2025-05-19 21:11:49.112917
Outerwear 59,2254240.0,4.6,3,XL,Women,2025-05-19 21:11:49.112917
Jacket 60,3375520.0,4.2,3,XXL,Unisex,2025-05-19 21:11:49.113921
T-shirt 62,1376480.0,3.8,3,M,Women,2025-05-19 21:11:50.243737
Hoodie 63,6479200.0,3.6,3,L,Unisex,2025-05-19 21:11:50.244745
Pants 64,7728480.0,4.0,3,XL,Men,2025-05-19 21:11:50.244745
Outerwear 65,2385920.0,4.1,3,XXL,Women,2025-05-19 21:11:50.245748
Jacket 66,4353120.0,3.5,3,S,Unisex,2025-05-19 21:11:50.245748
Crewneck 67,8470720.0,3.5,3,M,Men,2025-05-19 21:11:50.246746
T-shirt 68,8025280.0,4.0,3,L,Women,2025-05-19 21:11:50.246746
Hoodie 69,1027839.9999999999,3.6,3,XL,Unisex,2025-05-19 21:11:50.247745
Pants 70,1171360.0,4.4,3,XXL,Men,2025-05-19 21:11:50.247745
Jacket 72,3776000.0,4.4,3,M,Unisex,2025-05-19 21:11:50.248744
Crewneck 73,2460320.0,3.0,3,L,Men,2025-05-19 21:11:50.248744
T-shirt 74,7704800.0,3.8,3,XL,Women,2025-05-19 21:11:50.249742
Hoodie 75,2101760.0,4.3,3,XXL,Unisex,2025-05-19 21:11:50.249742
Outerwear 77,861760.0,3.7,3,M,Women,2025-05-19 21:11:50.250742
Jacket 78,2716480.0,4.3,3,L,Unisex,2025-05-19 21:11:50.250742
Crewneck 79,3309600.0,4.6,3,XL,Men,2025-05-19 21:11:50.252272
T-shirt 80,4178399.9999999995,4.5,3,XXL,Women,2025-05-19 21:11:50.252272
Pants 82,8315520.0,4.8,3,M,Men,2025-05-19 21:11:52.393019
Outerwear 83,3947840.0,3.7,3,L,Women,2025-05-19 21:11:52.393019
Jacket 84,2826080.0,4.8,3,XL,Unisex,2025-05-19 21:11:52.394020
Crewneck 85,4564160.0,3.5,3,XXL,Men,2025-05-19 21:11:52.394020
T-shirt 86,1670880.0,3.9,3,S,Women,2025-05-19 21:11:52.395019
Hoodie 87,7870240.0,4.3,3,M,Unisex,2025-05-19 21:11:52.395019
Pants 88,7590400.0,3.1,3,L,Men,2025-05-19 21:11:52.395019
Outerwear 89,4856320.0,3.0,3,XL,Women,2025-05-19 21:11:52.396544
Jacket 90,7160000.0,4.0,3,XXL,Unisex,2025-05-19 21:11:52.396544
T-shirt 92,5012320.0,3.5,3,M,Women,2025-05-19 21:11:52.397565
Hoodie 93,1365280.0,3.6,3,L,Unisex,2025-05-19 21:11:52.398561
Pants 94,1074880.0,4.3,3,XL,Men,2025-05-19 21:11:52.398561
Outerwear 95,6062240.0,3.5,3,XXL,Women,2025-05-19 21:11:52.399563
Jacket 96,4598240.0,4.9,3,S,Unisex,2025-05-19 21:11:52.399563
Crewneck 97,6113120.0,3.9,3,M,Men,2025-05-19 21:11:52.400563
T-shirt 98,8596960.0,3.1,3,L,Women,2025-05-19 21:11:52.400563
Hoodie 99,5028000.0,3.6,3,XL,Unisex,2025-05-19 21:11:52.400563
Pants 100,2217280.0,4.6,3,XXL,Men,2025-05-19 21:11:52.401561
Jacket 102,3840640.0,3.3,3,M,Unisex,2025-05-19 21:11:53.634973
Crewneck 103,2331680.0,3.5,3,L,Men,2025-05-19 21:11:53.634973
T-shirt 104,2374400.0,3.8,3,XL,Women,2025-05-19 21:11:53.635970
Hoodie 105,5019840.0,4.2,3,XXL,Unisex,2025-05-19 21:11:53.636966
Outerwear 107,6625120.0,4.0,3,M,Women,2025-05-19 21:11:53.637970
Jacket 108,5551680.0,4.8,3,L,Unisex,2025-05-19 21:11:53.638970
Crewneck 109,5886880.0,3.3,3,XL,Men,2025-05-19 21:11:53.638970
T-shirt 110,7197120.0,4.6,3,XXL,Women,2025-05-19 21:11:53.640316
Pants 112,4261920.0,3.3,3,M,Men,2025-05-19 21:11:53.641307
Outerwear 113,4472000.0,3.7,3,L,Women,2025-05-19 21:11:53.641307
Jacket 114,5386560.0,4.9,3,XL,Unisex,2025-05-19 21:11:53.642309
Crewneck 115,1933280.0,4.5,3,XXL,Men,2025-05-19 21:11:53.643329
T-shirt 116,3474560.0,3.0,3,S,Women,2025-05-19 21:11:53.643329
Hoodie 117,3376320.0,5.0,3,M,Unisex,2025-05-19 21:11:53.644309
Pants 118,5585440.0,3.2,3,L,Men,2025-05-19 21:11:53.644309
Outerwear 119,3561760.0,3.4,3,XL,Women,2025-05-19 21:11:53.645813
Jacket 120,7480320.0,4.0,3,XXL,Unisex,2025-05-19 21:11:53.645813
T-shirt 122,1961920.0,3.6,3,M,Women,2025-05-19 21:11:54.766463
Hoodie 123,4498080.0,3.8,3,L,Unisex,2025-05-19 21:11:54.767466
Pants 124,7023520.0,3.2,3,XL,Men,2025-05-19 21:11:54.767466
Outerwear 125,6998240.0,4.2,3,XXL,Women,2025-05-19 21:11:54.768886
Jacket 126,4426080.0,3.9,3,S,Unisex,2025-05-19 21:11:54.769884
Crewneck 127,8311680.0,4.0,3,M,Men,2025-05-19 21:11:54.769884
T-shirt 128,4466720.0,3.8,3,L,Women,2025-05-19 21:11:54.771245
Hoodie 129,2532480.0,4.5,3,XL,Unisex,2025-05-19 21:11:54.772242
Pants 130,6603520.0,4.8,3,XXL,Men,2025-05-19 21:11:54.773245
Jacket 132,6474880.0,4.2,3,M,Unisex,2025-05-19 21:11:54.775248
Crewneck 133,2016320.0,4.7,3,L,Men,2025-05-19 21:11:54.775761
T-shirt 134,5937440.0,3.2,3,XL,Women,2025-05-19 21:11:54.776780
Hoodie 135,5141440.0,4.7,3,XXL,Unisex,2025-05-19 21:11:54.777794
Outerwear 137,6988320.0,4.5,3,M,Women,2025-05-19 21:11:54.778793
Jacket 138,4635520.0,3.4,3,L,Unisex,2025-05-19 21:11:54.779795
Crewneck 139,8053120.0,4.5,3,XL,Men,2025-05-19 21:11:54.780803
T-shirt 140,6811040.0,3.5,3,XXL,Women,2025-05-19 21:11:54.780803
Pants 142,2325280.0,4.9,3,M,Men,2025-05-19 21:11:55.916266
Outerwear 143,3346560.0,4.9,3,L,Women,2025-05-19 21:11:55.917280
Jacket 144,5758240.0,4.3,3,XL,Unisex,2025-05-19 21:11:55.918280
Crewneck 145,3472800.0,4.8,3,XXL,Men,2025-05-19 21:11:55.918280
T-shirt 146,7688640.0,4.3,3,S,Women,2025-05-19 21:11:55.919309
Hoodie 147,3052800.0,5.0,3,M,Unisex,2025-05-19 21:11:55.920313
Pants 148,6033440.0,4.7,3,L,Men,2025-05-19 21:11:55.921314
Outerwear 149,3105920.0,3.2,3,XL,Women,2025-05-19 21:11:55.921314
Jacket 150,1500640.0,3.6,3,XXL,Unisex,2025-05-19 21:11:55.922298
T-shirt 152,6288640.0,4.2,3,M,Women,2025-05-19 21:11:55.923311
Hoodie 153,2660640.0,4.3,3,L,Unisex,2025-05-19 21:11:55.924310
Pants 154,2337440.0,3.0,3,XL,Men,2025-05-19 21:11:55.925368
Outerwear 155,3783200.0,4.1,3,XXL,Women,2025-05-19 21:11:55.925368
Jacket 156,6645120.0,3.6,3,S,Unisex,2025-05-19 21:11:55.925368
Crewneck 157,1105760.0,4.0,3,M,Men,2025-05-19 21:11:55.926903
T-shirt 158,7321120.0,4.0,3,L,Women,2025-05-19 21:11:55.927926
Hoodie 159,2371680.0,4.9,3,XL,Unisex,2025-05-19 21:11:55.927926
Pants 160,2802880.0,3.4,3,XXL,Men,2025-05-19 21:11:55.928936
Jacket 162,1543840.0,4.5,3,M,Unisex,2025-05-19 21:11:57.044934
Crewneck 163,7861920.0,4.4,3,L,Men,2025-05-19 21:11:57.044934
T-shirt 164,3512000.0,3.9,3,XL,Women,2025-05-19 21:11:57.045932
Hoodie 165,6921280.0,4.9,3,XXL,Unisex,2025-05-19 21:11:57.045932
Outerwear 167,3273760.0,3.1,3,M,Women,2025-05-19 21:11:57.046930
Jacket 168,870400.0,4.4,3,L,Unisex,2025-05-19 21:11:57.046930
Crewneck 169,8032800.0,4.7,3,XL,Men,2025-05-19 21:11:57.048202
T-shirt 170,6677920.0,4.5,3,XXL,Women,2025-05-19 21:11:57.048202
Pants 172,1566080.0,4.9,3,M,Men,2025-05-19 21:11:57.049197
Outerwear 173,7034560.0,4.6,3,L,Women,2025-05-19 21:11:57.050201
Jacket 174,6282240.0,3.3,3,XL,Unisex,2025-05-19 21:11:57.050201
Crewneck 175,8125120.0,4.5,3,XXL,Men,2025-05-19 21:11:57.050201
T-shirt 176,6104320.0,3.6,3,S,Women,2025-05-19 21:11:57.051498
Hoodie 177,1890400.0,4.6,3,M,Unisex,2025-05-19 21:11:57.052541
Pants 178,6184160.0,3.0,3,L,Men,2025-05-19 21:11:57.052541
Outerwear 179,5816640.0,3.5,3,XL,Women,2025-05-19 21:11:57.053544
Jacket 180,5552640.0,3.9,3,XXL,Unisex,2025-05-19 21:11:57.053544
T-shirt 182,2334880.0,3.8,3,M,Women,2025-05-19 21:11:58.191720
Hoodie 183,3904640.0,3.6,3,L,Unisex,2025-05-19 21:11:58.192718
Pants 184,7759520.0,4.5,3,XL,Men,2025-05-19 21:11:58.192718
Outerwear 185,7822880.0,3.2,3,XXL,Women,2025-05-19 21:11:58.193716
Jacket 186,6940480.0,4.2,3,S,Unisex,2025-05-19 21:11:58.193716
Crewneck 187,6663520.0,3.8,3,M,Men,2025-05-19 21:11:58.194719
T-shirt 188,3927840.0,4.4,3,L,Women,2025-05-19 21:11:58.194719
Hoodie 189,1946720.0,4.0,3,XL,Unisex,2025-05-19 21:11:58.195744
Pants 190,2220960.0,4.5,3,XXL,Men,2025-05-19 21:11:58.195744
Jacket 192,5066240.0,3.8,3,M,Unisex,2025-05-19 21:11:58.196740
Crewneck 193,7355680.0,4.1,3,L,Men,2025-05-19 21:11:58.197737
T-shirt 194,2818720.0,4.9,3,XL,Women,2025-05-19 21:11:58.197737
Hoodie 195,7208960.0,4.9,3,XXL,Unisex,2025-05-19 21:11:58.197737
Outerwear 197,5681600.0,4.9,3,M,Women,2025-05-19 21:11:58.199438
Jacket 198,5435040.0,4.5,3,L,Unisex,2025-05-19 21:11:58.199438
Crewneck 199,6744320.0,3.1,3,XL,Men,2025-05-19 21:11:58.199438
T-shirt 200,6289920.0,3.5,3,XXL,Women,2025-05-19 21:11:58.200884
Pants 202,5592480.0,3.3,3,M,Men,2025-05-19 21:11:59.379566
Outerwear 203,2144000.0,3.4,3,L,Women,2025-05-19 21:11:59.379566
Jacket 204,6031040.0,3.9,3,XL,Unisex,2025-05-19 21:11:59.381081
Crewneck 205,6434880.0,3.2,3,XXL,Men,2025-05-19 21:11:59.381081
T-shirt 206,4674720.0,4.5,3,S,Women,2025-05-19 21:11:59.382102
Hoodie 207,6101440.0,3.5,3,M,Unisex,2025-05-19 21:11:59.382102
Pants 208,4637600.0,3.1,3,L,Men,2025-05-19 21:11:59.382102
Outerwear 209,7980640.0,4.3,3,XL,Women,2025-05-19 21:11:59.383096
Jacket 210,7827360.0,4.7,3,XXL,Unisex,2025-05-19 21:11:59.383096
T-shirt 212,8794880.0,4.7,3,M,Women,2025-05-19 21:11:59.384280
Hoodie 213,5748000.0,3.6,3,L,Unisex,2025-05-19 21:11:59.385544
Pants 214,4315680.0,4.9,3,XL,Men,2025-05-19 21:11:59.385544
Outerwear 215,1449600.0,3.8,3,XXL,Women,2025-05-19 21:11:59.385544
Jacket 216,4576480.0,4.6,3,S,Unisex,2025-05-19 21:11:59.386626
Crewneck 217,5772960.0,4.8,3,M,Men,2025-05-19 21:11:59.386626
T-shirt 218,5600320.0,3.1,3,L,Women,2025-05-19 21:11:59.387625
Hoodie 219,5671040.0,4.6,3,XL,Unisex,2025-05-19 21:11:59.387625
Pants 220,3357600.0,3.2,3,XXL,Men,2025-05-19 21:11:59.388620
Jacket 222,7438080.0,3.4,3,M,Unisex,2025-05-19 21:12:00.528046
Crewneck 223,952960.0,4.8,3,L,Men,2025-05-19 21:12:00.529043
T-shirt 224,3534560.0,4.5,3,XL,Women,2025-05-19 21:12:00.530050
Hoodie 225,5232800.0,3.5,3,XXL,Unisex,2025-05-19 21:12:00.530050
Outerwear 227,6742560.0,4.8,3,M,Women,2025-05-19 21:12:00.532052
Jacket 228,8076800.0,4.5,3,L,Unisex,2025-05-19 21:12:00.532052
Crewneck 229,3101920.0,4.9,3,XL,Men,2025-05-19 21:12:00.533057
T-shirt 230,7133280.0,4.5,3,XXL,Women,2025-05-19 21:12:00.534049
Pants 232,8327360.000000001,4.0,3,M,Men,2025-05-19 21:12:00.535048
Outerwear 233,847360.0,4.8,3,L,Women,2025-05-19 21:12:00.536230
Jacket 234,1159200.0,4.5,3,XL,Unisex,2025-05-19 21:12:00.536230
Crewneck 235,6560320.0,3.4,3,XXL,Men,2025-05-19 21:12:00.537234
T-shirt 236,5492320.0,3.9,3,S,Women,2025-05-19 21:12:00.538222
Hoodie 237,4743520.0,3.1,3,M,Unisex,2025-05-19 21:12:00.539222
Pants 238,8301920.0,3.8,3,L,Men,2025-05-19 21:12:00.539222
Outerwear 239,7934080.0,3.1,3,XL,Women,2025-05-19 21:12:00.540276
Jacket 240,7600000.0,3.8,3,XXL,Unisex,2025-05-19 21:12:00.540276
T-shirt 242,4833600.0,3.4,3,M,Women,2025-05-19 21:12:01.653644
Hoodie 243,3371680.0,3.1,3,L,Unisex,2025-05-19 21:12:01.655162
Pants 244,8116160.0,3.1,3,XL,Men,2025-05-19 21:12:01.656187
Outerwear 245,1451680.0,4.0,3,XXL,Women,2025-05-19 21:12:01.656187
Jacket 246,8735040.0,3.1,3,S,Unisex,2025-05-19 21:12:01.657206
Crewneck 247,8769120.0,3.0,3,M,Men,2025-05-19 21:12:01.657206
T-shirt 248,2280000.0,4.5,3,L,Women,2025-05-19 21:12:01.658202
Hoodie 249,2149440.0,4.2,3,XL,Unisex,2025-05-19 21:12:01.658202
Pants 250,4314240.0,3.1,3,XXL,Men,2025-05-19 21:12:01.659202
Jacket 252,8408480.0,3.2,3,M,Unisex,2025-05-19 21:12:01.659202
Crewneck 253,1854720.0,3.9,3,L,Men,2025-05-19 21:12:01.660202
T-shirt 254,5984160.0,3.9,3,XL,Women,2025-05-19 21:12:01.660202
Hoodie 255,3668000.0,4.1,3,XXL,Unisex,2025-05-19 21:12:01.661202
Outerwear 257,7073120.0,5.0,3,M,Women,2025-05-19 21:12:01.662202
Jacket 258,2080639.9999999998,4.7,3,L,Unisex,2025-05-19 21:12:01.662202
Crewneck 259,2275520.0,3.3,3,XL,Men,2025-05-19 21:12:01.663202
T-shirt 260,6271520.0,3.5,3,XXL,Women,2025-05-19 21:12:01.663202
Pants 262,1097760.0,3.4,3,M,Men,2025-05-19 21:12:02.779296
Outerwear 263,1878400.0,4.2,3,L,Women,2025-05-19 21:12:02.780295
Jacket 264,2063040.0,4.8,3,XL,Unisex,2025-05-19 21:12:02.780295
Crewneck 265,2483040.0,3.5,3,XXL,Men,2025-05-19 21:12:02.780295
T-shirt 266,4842080.0,4.6,3,S,Women,2025-05-19 21:12:02.781294
Hoodie 267,4086240.0,4.3,3,M,Unisex,2025-05-19 21:12:02.781294
Pants 268,5005120.0,3.6,3,L,Men,2025-05-19 21:12:02.782295
Outerwear 269,8073920.0,3.1,3,XL,Women,2025-05-19 21:12:02.782295
Jacket 270,2569120.0,4.2,3,XXL,Unisex,2025-05-19 21:12:02.783301
T-shirt 272,5811840.0,3.3,3,M,Women,2025-05-19 21:12:02.784300
Hoodie 273,5291360.0,4.9,3,L,Unisex,2025-05-19 21:12:02.784300
Pants 274,3669280.0,4.2,3,XL,Men,2025-05-19 21:12:02.784300
Outerwear 275,5575360.0,4.8,3,XXL,Women,2025-05-19 21:12:02.784300
Jacket 276,1013600.0,4.3,3,S,Unisex,2025-05-19 21:12:02.785808
Crewneck 277,2383680.0,4.7,3,M,Men,2025-05-19 21:12:02.785808
T-shirt 278,2087360.0000000002,3.8,3,L,Women,2025-05-19 21:12:02.785808
Hoodie 279,5592320.0,4.7,3,XL,Unisex,2025-05-19 21:12:02.785808
Pants 280,7501440.0,3.9,3,XXL,Men,2025-05-19 21:12:02.787560
Jacket 282,2227040.0,3.0,3,M,Unisex,2025-05-19 21:12:03.907354
Crewneck 283,6633120.0,3.2,3,L,Men,2025-05-19 21:12:03.908368
T-shirt 284,6568000.0,3.6,3,XL,Women,2025-05-19 21:12:03.908368
Hoodie 285,3009120.0,3.2,3,XXL,Unisex,2025-05-19 21:12:03.909367
Outerwear 287,5273600.0,3.7,3,M,Women,2025-05-19 21:12:03.910364
Jacket 288,3123040.0,4.1,3,L,Unisex,2025-05-19 21:12:03.910364
Crewneck 289,888000.0,4.0,3,XL,Men,2025-05-19 21:12:03.911364
T-shirt 290,6425120.0,4.2,3,XXL,Women,2025-05-19 21:12:03.911364
Pants 292,2384480.0,3.9,3,M,Men,2025-05-19 21:12:03.912363
Outerwear 293,1176160.0,4.5,3,L,Women,2025-05-19 21:12:03.912363
Jacket 294,5947200.0,3.8,3,XL,Unisex,2025-05-19 21:12:03.913364
Crewneck 295,7266720.0,4.9,3,XXL,Men,2025-05-19 21:12:03.913364
T-shirt 296,1172160.0,3.1,3,S,Women,2025-05-19 21:12:03.914367
Hoodie 297,7801120.0,3.6,3,M,Unisex,2025-05-19 21:12:03.914367
Pants 298,2426080.0,4.8,3,L,Men,2025-05-19 21:12:03.915366
Outerwear 299,1947840.0,4.3,3,XL,Women,2025-05-19 21:12:03.915366
Jacket 300,6408480.0,4.0,3,XXL,Unisex,2025-05-19 21:12:03.915366
T-shirt 302,5711200.0,3.2,3,M,Women,2025-05-19 21:12:05.049530
Hoodie 303,7974560.0,4.1,3,L,Unisex,2025-05-19 21:12:05.049530
Pants 304,7129760.0,3.4,3,XL,Men,2025-05-19 21:12:05.050529
Outerwear 305,6325440.0,4.5,3,XXL,Women,2025-05-19 21:12:05.050529
Jacket 306,7575040.0,4.2,3,S,Unisex,2025-05-19 21:12:05.051529
Crewneck 307,7735200.0,3.7,3,M,Men,2025-05-19 21:12:05.051529
T-shirt 308,4086080.0,4.1,3,L,Women,2025-05-19 21:12:05.051529
Hoodie 309,3953120.0,4.8,3,XL,Unisex,2025-05-19 21:12:05.052530
Pants 310,6329280.0,4.7,3,XXL,Men,2025-05-19 21:12:05.052530
Jacket 312,7267040.0,3.8,3,M,Unisex,2025-05-19 21:12:05.053529
Crewneck 313,1948320.0,3.1,3,L,Men,2025-05-19 21:12:05.054529
T-shirt 314,6017120.0,3.2,3,XL,Women,2025-05-19 21:12:05.055536
Hoodie 315,7022880.0,3.1,3,XXL,Unisex,2025-05-19 21:12:05.055536
Outerwear 317,5259040.0,3.3,3,M,Women,2025-05-19 21:12:05.056590
Jacket 318,5667200.0,3.7,3,L,Unisex,2025-05-19 21:12:05.056590
Crewneck 319,3085920.0,3.3,3,XL,Men,2025-05-19 21:12:05.058139
T-shirt 320,829440.0,3.3,3,XXL,Women,2025-05-19 21:12:05.058139
Pants 322,7810400.0,3.2,3,M,Men,2025-05-19 21:12:06.185356
Outerwear 323,8468000.0,3.1,3,L,Women,2025-05-19 21:12:06.185356
Jacket 324,6082720.0,3.3,3,XL,Unisex,2025-05-19 21:12:06.186355
Crewneck 325,3001760.0,3.4,3,XXL,Men,2025-05-19 21:12:06.186355
T-shirt 326,4519360.0,4.9,3,S,Women,2025-05-19 21:12:06.187354
Hoodie 327,6641440.0,4.4,3,M,Unisex,2025-05-19 21:12:06.187354
Pants 328,5732960.0,4.5,3,L,Men,2025-05-19 21:12:06.188866
Outerwear 329,6724160.0,4.7,3,XL,Women,2025-05-19 21:12:06.189882
Jacket 330,1591200.0,4.3,3,XXL,Unisex,2025-05-19 21:12:06.189882
T-shirt 332,2335680.0,3.4,3,M,Women,2025-05-19 21:12:06.191098
Hoodie 333,1746080.0,4.8,3,L,Unisex,2025-05-19 21:12:06.191098
Pants 334,2409440.0,3.8,3,XL,Men,2025-05-19 21:12:06.192124
Outerwear 335,2826720.0,3.0,3,XXL,Women,2025-05-19 21:12:06.192124
Jacket 336,6237760.0,5.0,3,S,Unisex,2025-05-19 21:12:06.193139
Crewneck 337,8608800.0,4.3,3,M,Men,2025-05-19 21:12:06.193139
T-shirt 338,2883360.0,3.9,3,L,Women,2025-05-19 21:12:06.194143
Hoodie 339,4424800.0,4.9,3,XL,Unisex,2025-05-19 21:12:06.194143
Pants 340,5975200.0,4.3,3,XXL,Men,2025-05-19 21:12:06.195138
Jacket 342,1827680.0,4.8,3,M,Unisex,2025-05-19 21:12:07.309110
Crewneck 343,2279040.0,4.1,3,L,Men,2025-05-19 21:12:07.309110
T-shirt 344,3415680.0,4.5,3,XL,Women,2025-05-19 21:12:07.310149
Hoodie 345,7577440.0,3.3,3,XXL,Unisex,2025-05-19 21:12:07.310149
Outerwear 347,6986080.0,4.7,3,M,Women,2025-05-19 21:12:07.311150
Jacket 348,3195040.0,4.6,3,L,Unisex,2025-05-19 21:12:07.311150
Crewneck 349,6085600.0,3.5,3,XL,Men,2025-05-19 21:12:07.312152
T-shirt 350,8047680.0,5.0,3,XXL,Women,2025-05-19 21:12:07.312152
Pants 352,2838880.0,4.0,3,M,Men,2025-05-19 21:12:07.313623
Outerwear 353,961600.0,3.6,3,L,Women,2025-05-19 21:12:07.313623
Jacket 354,2294720.0,3.8,3,XL,Unisex,2025-05-19 21:12:07.313623
Crewneck 355,4246560.0,3.2,3,XXL,Men,2025-05-19 21:12:07.315066
T-shirt 356,7150080.0,4.3,3,S,Women,2025-05-19 21:12:07.315066
Hoodie 357,3739360.0,3.6,3,M,Unisex,2025-05-19 21:12:07.316114
Pants 358,8479520.0,3.9,3,L,Men,2025-05-19 21:12:07.316114
Outerwear 359,1696480.0,4.3,3,XL,Women,2025-05-19 21:12:07.316114
Jacket 360,8788320.0,4.8,3,XXL,Unisex,2025-05-19 21:12:07.317118
T-shirt 362,4776800.0,5.0,3,M,Women,2025-05-19 21:12:08.518371
Hoodie 363,1171360.0,3.2,3,L,Unisex,2025-05-19 21:12:08.519370
Pants 364,4972800.0,4.8,3,XL,Men,2025-05-19 21:12:08.519370
Outerwear 365,6956480.0,4.5,3,XXL,Women,2025-05-19 21:12:08.520377
Jacket 366,5854880.0,4.9,3,S,Unisex,2025-05-19 21:12:08.522375
Crewneck 367,8359360.000000001,4.9,3,M,Men,2025-05-19 21:12:08.523383
T-shirt 368,965120.0,3.2,3,L,Women,2025-05-19 21:12:08.523383
Hoodie 369,7204960.0,4.7,3,XL,Unisex,2025-05-19 21:12:08.524903
Pants 370,4559680.0,3.6,3,XXL,Men,2025-05-19 21:12:08.525926
Jacket 372,5052960.0,3.6,3,M,Unisex,2025-05-19 21:12:08.526951
Crewneck 373,2231040.0,3.6,3,L,Men,2025-05-19 21:12:08.527944
T-shirt 374,7697120.0,3.9,3,XL,Women,2025-05-19 21:12:08.527944
Hoodie 375,7027520.0,3.9,3,XXL,Unisex,2025-05-19 21:12:08.528938
Outerwear 377,6802080.0,4.8,3,M,Women,2025-05-19 21:12:08.530053
Jacket 378,3402400.0,3.6,3,L,Unisex,2025-05-19 21:12:08.530053
Crewneck 379,3963200.0,4.4,3,XL,Men,2025-05-19 21:12:08.531084
T-shirt 380,2547040.0,3.8,3,XXL,Women,2025-05-19 21:12:08.532083
Pants 382,1356160.0,4.4,3,M,Men,2025-05-19 21:12:09.640677
Outerwear 383,3431040.0,3.4,3,L,Women,2025-05-19 21:12:09.640677
Jacket 384,1452960.0,3.3,3,XL,Unisex,2025-05-19 21:12:09.641676
Crewneck 385,7950720.0,4.9,3,XXL,Men,2025-05-19 21:12:09.641676
T-shirt 386,4793600.0,4.6,3,S,Women,2025-05-19 21:12:09.642675
Hoodie 387,8418080.0,4.2,3,M,Unisex,2025-05-19 21:12:09.642675
Pants 388,931200.0,3.1,3,L,Men,2025-05-19 21:12:09.643675
Outerwear 389,2883200.0,5.0,3,XL,Women,2025-05-19 21:12:09.643675
Jacket 390,5432960.0,3.3,3,XXL,Unisex,2025-05-19 21:12:09.644676
T-shirt 392,1226080.0,4.4,3,M,Women,2025-05-19 21:12:09.645183
Hoodie 393,4068480.0,3.2,3,L,Unisex,2025-05-19 21:12:09.646202
Pants 394,3540000.0,3.3,3,XL,Men,2025-05-19 21:12:09.646202
Outerwear 395,3098720.0,4.0,3,XXL,Women,2025-05-19 21:12:09.647198
Jacket 396,2505280.0,3.9,3,S,Unisex,2025-05-19 21:12:09.647198
Crewneck 397,855360.0,3.6,3,M,Men,2025-05-19 21:12:09.647198
T-shirt 398,4592800.0,4.7,3,L,Women,2025-05-19 21:12:09.648369
Hoodie 399,2523520.0,3.6,3,XL,Unisex,2025-05-19 21:12:09.648369
Pants 400,6020640.0,4.7,3,XXL,Men,2025-05-19 21:12:09.649370
Jacket 402,2029120.0,4.6,3,M,Unisex,2025-05-19 21:12:10.776960
Crewneck 403,1580320.0,4.1,3,L,Men,2025-05-19 21:12:10.777969
T-shirt 404,3501120.0,4.9,3,XL,Women,2025-05-19 21:12:10.777969
Hoodie 405,5080160.0,3.8,3,XXL,Unisex,2025-05-19 21:12:10.778971
Outerwear 407,2761280.0,3.7,3,M,Women,2025-05-19 21:12:10.779971
Jacket 408,4176000.0,4.9,3,L,Unisex,2025-05-19 21:12:10.779971
Crewneck 409,3221760.0,3.5,3,XL,Men,2025-05-19 21:12:10.779971
T-shirt 410,1586720.0,3.1,3,XXL,Women,2025-05-19 21:12:10.780970
Pants 412,5438240.0,4.4,3,M,Men,2025-05-19 21:12:10.781971
Outerwear 413,1306400.0,3.4,3,L,Women,2025-05-19 21:12:10.781971
Jacket 414,2234720.0,3.7,3,XL,Unisex,2025-05-19 21:12:10.782971
Crewneck 415,3617440.0,3.1,3,XXL,Men,2025-05-19 21:12:10.782971
T-shirt 416,4454080.0,3.1,3,S,Women,2025-05-19 21:12:10.783972
Hoodie 417,2769440.0,4.6,3,M,Unisex,2025-05-19 21:12:10.783972
Pants 418,6307840.0,5.0,3,L,Men,2025-05-19 21:12:10.784971
Outerwear 419,7004000.0,5.0,3,XL,Women,2025-05-19 21:12:10.784971
Jacket 420,2472640.0,3.1,3,XXL,Unisex,2025-05-19 21:12:10.784971
T-shirt 422,924320.0,3.9,3,M,Women,2025-05-19 21:12:11.913324
Hoodie 423,4601760.0,3.7,3,L,Unisex,2025-05-19 21:12:11.913324
Pants 424,3865760.0,4.4,3,XL,Men,2025-05-19 21:12:11.914326
Outerwear 425,2528480.0,4.8,3,XXL,Women,2025-05-19 21:12:11.914326
Jacket 426,3462400.0,3.4,3,S,Unisex,2025-05-19 21:12:11.914326
Crewneck 427,6375200.0,3.3,3,M,Men,2025-05-19 21:12:11.915327
T-shirt 428,7053120.0,4.9,3,L,Women,2025-05-19 21:12:11.915327
Hoodie 429,1658560.0,4.9,3,XL,Unisex,2025-05-19 21:12:11.915327
Pants 430,1442080.0,3.9,3,XXL,Men,2025-05-19 21:12:11.916838
Jacket 432,2151840.0,4.5,3,M,Unisex,2025-05-19 21:12:11.917853
Crewneck 433,3872480.0,4.2,3,L,Men,2025-05-19 21:12:11.917853
T-shirt 434,6557120.0,4.9,3,XL,Women,2025-05-19 21:12:11.918860
Hoodie 435,1015680.0,4.0,3,XXL,Unisex,2025-05-19 21:12:11.918860
Outerwear 437,1016800.0,3.9,3,M,Women,2025-05-19 21:12:11.919862
Jacket 438,2453120.0,4.5,3,L,Unisex,2025-05-19 21:12:11.919862
Crewneck 439,4005440.0,3.2,3,XL,Men,2025-05-19 21:12:11.920867
T-shirt 440,5326080.0,3.0,3,XXL,Women,2025-05-19 21:12:11.921873
Pants 442,4701600.0,4.3,3,M,Men,2025-05-19 21:12:13.037683
Outerwear 443,7262720.0,4.2,3,L,Women,2025-05-19 21:12:13.038715
Jacket 444,4016960.0,3.3,3,XL,Unisex,2025-05-19 21:12:13.039720
Crewneck 445,3574240.0,4.5,3,XXL,Men,2025-05-19 21:12:13.039720
T-shirt 446,7740160.0,3.2,3,S,Women,2025-05-19 21:12:13.040772
Hoodie 447,4748640.0,4.0,3,M,Unisex,2025-05-19 21:12:13.040772
Pants 448,820160.0,4.4,3,L,Men,2025-05-19 21:12:13.041749
Outerwear 449,6410080.0,4.0,3,XL,Women,2025-05-19 21:12:13.041749
Jacket 450,8754880.0,3.1,3,XXL,Unisex,2025-05-19 21:12:13.042747
T-shirt 452,6892800.0,4.4,3,M,Women,2025-05-19 21:12:13.043743
Hoodie 453,6576960.0,4.2,3,L,Unisex,2025-05-19 21:12:13.043743
Pants 454,2179520.0,5.0,3,XL,Men,2025-05-19 21:12:13.043743
Outerwear 455,1094080.0,4.8,3,XXL,Women,2025-05-19 21:12:13.044747
Jacket 456,8096000.0,4.1,3,S,Unisex,2025-05-19 21:12:13.044747
Crewneck 457,7342880.0,4.8,3,M,Men,2025-05-19 21:12:13.045747
T-shirt 458,4240000.0,4.4,3,L,Women,2025-05-19 21:12:13.045747
Hoodie 459,3237280.0,3.5,3,XL,Unisex,2025-05-19 21:12:13.046744
Pants 460,1880800.0,3.6,3,XXL,Men,2025-05-19 21:12:13.046744
Jacket 462,6767840.0,4.5,3,M,Unisex,2025-05-19 21:12:14.179302
Crewneck 463,7539520.0,4.5,3,L,Men,2025-05-19 21:12:14.179302
T-shirt 464,6070080.0,4.5,3,XL,Women,2025-05-19 21:12:14.180286
Hoodie 465,6164320.0,4.7,3,XXL,Unisex,2025-05-19 21:12:14.180286
Outerwear 467,1325920.0,3.5,3,M,Women,2025-05-19 21:12:14.181309
Jacket 468,4584960.0,3.7,3,L,Unisex,2025-05-19 21:12:14.182283
Crewneck 469,1738880.0,4.2,3,XL,Men,2025-05-19 21:12:14.182283
T-shirt 470,7738880.0,3.1,3,XXL,Women,2025-05-19 21:12:14.183284
Pants 472,3902080.0,3.1,3,M,Men,2025-05-19 21:12:14.184276
Outerwear 473,5478080.0,4.2,3,L,Women,2025-05-19 21:12:14.184276
Jacket 474,5864960.0,4.7,3,XL,Unisex,2025-05-19 21:12:14.184276
Crewneck 475,7017280.0,4.6,3,XXL,Men,2025-05-19 21:12:14.185276
T-shirt 476,3986240.0,4.3,3,S,Women,2025-05-19 21:12:14.185276
Hoodie 477,6626080.0,4.2,3,M,Unisex,2025-05-19 21:12:14.186280
Pants 478,4912000.0,3.8,3,L,Men,2025-05-19 21:12:14.186280
Outerwear 479,7302400.0,4.4,3,XL,Women,2025-05-19 21:12:14.187279
Jacket 480,4986240.0,4.2,3,XXL,Unisex,2025-05-19 21:12:14.188285
T-shirt 482,3352480.0,4.8,3,M,Women,2025-05-19 21:12:15.335146
Hoodie 483,4035040.0,4.2,3,L,Unisex,2025-05-19 21:12:15.335146
Pants 484,6428640.0,4.1,3,XL,Men,2025-05-19 21:12:15.336171
Outerwear 485,4044480.0,4.7,3,XXL,Women,2025-05-19 21:12:15.336171
Jacket 486,2573760.0,3.0,3,S,Unisex,2025-05-19 21:12:15.337199
Crewneck 487,6955520.0,3.7,3,M,Men,2025-05-19 21:12:15.337199
T-shirt 488,8789760.0,3.8,3,L,Women,2025-05-19 21:12:15.338429
Hoodie 489,3554560.0,5.0,3,XL,Unisex,2025-05-19 21:12:15.338429
Pants 490,7081600.0,3.1,3,XXL,Men,2025-05-19 21:12:15.339891
Jacket 492,6011840.0,3.0,3,M,Unisex,2025-05-19 21:12:15.340967
Crewneck 493,5071520.0,4.8,3,L,Men,2025-05-19 21:12:15.340967
T-shirt 494,1390080.0,3.4,3,XL,Women,2025-05-19 21:12:15.340967
Hoodie 495,1663200.0,4.5,3,XXL,Unisex,2025-05-19 21:12:15.342099
Outerwear 497,3957760.0,4.4,3,M,Women,2025-05-19 21:12:15.343097
Jacket 498,4412800.0,4.6,3,L,Unisex,2025-05-19 21:12:15.344107
Crewneck 499,7825920.0,4.1,3,XL,Men,2025-05-19 21:12:15.345113
T-shirt 500,8114400.0,4.2,3,XXL,Women,2025-05-19 21:12:15.346106
Pants 502,7132480.0,4.4,3,M,Men,2025-05-19 21:12:16.533973
Outerwear 503,4924480.0,4.8,3,L,Women,2025-05-19 21:12:16.533973
Jacket 504,8024480.0,5.0,3,XL,Unisex,2025-05-19 21:12:16.534970
Crewneck 505,8747680.0,4.3,3,XXL,Men,2025-05-19 21:12:16.534970
T-shirt 506,8572000.0,3.6,3,S,Women,2025-05-19 21:12:16.535973
Hoodie 507,6844000.0,4.7,3,M,Unisex,2025-05-19 21:12:16.537320
Pants 508,7766080.0,3.5,3,L,Men,2025-05-19 21:12:16.537320
Outerwear 509,7178400.0,3.1,3,XL,Women,2025-05-19 21:12:16.538341
Jacket 510,1562080.0,3.4,3,XXL,Unisex,2025-05-19 21:12:16.539345
T-shirt 512,4319680.0,3.7,3,M,Women,2025-05-19 21:12:16.540336
Hoodie 513,1693760.0,4.4,3,L,Unisex,2025-05-19 21:12:16.541337
Pants 514,6888960.0,3.9,3,XL,Men,2025-05-19 21:12:16.541337
Outerwear 515,7262560.0,3.1,3,XXL,Women,2025-05-19 21:12:16.542337
Jacket 516,7130720.0,3.4,3,S,Unisex,2025-05-19 21:12:16.543338
Crewneck 517,1069280.0,3.5,3,M,Men,2025-05-19 21:12:16.544336
T-shirt 518,2575680.0,4.1,3,L,Women,2025-05-19 21:12:16.544336
Hoodie 519,2236160.0,4.5,3,XL,Unisex,2025-05-19 21:12:16.545332
Pants 520,2308320.0,3.8,3,XXL,Men,2025-05-19 21:12:16.546342
Jacket 522,6292960.0,4.0,3,M,Unisex,2025-05-19 21:12:17.698757
Crewneck 523,3626720.0,4.6,3,L,Men,2025-05-19 21:12:17.699778
T-shirt 524,936000.0,3.8,3,XL,Women,2025-05-19 21:12:17.700796
Hoodie 525,7919040.0,3.6,3,XXL,Unisex,2025-05-19 21:12:17.700796
Outerwear 527,4669280.0,3.6,3,M,Women,2025-05-19 21:12:17.701795
Jacket 528,5595840.0,4.0,3,L,Unisex,2025-05-19 21:12:17.702793
Crewneck 529,1420160.0,3.2,3,XL,Men,2025-05-19 21:12:17.705799
T-shirt 530,6173760.0,3.3,3,XXL,Women,2025-05-19 21:12:17.707796
Pants 532,8391200.0,4.1,3,M,Men,2025-05-19 21:12:17.709315
Outerwear 533,3370240.0,4.2,3,L,Women,2025-05-19 21:12:17.710359
Jacket 534,3479200.0,3.7,3,XL,Unisex,2025-05-19 21:12:17.711339
Crewneck 535,3901280.0,3.7,3,XXL,Men,2025-05-19 21:12:17.712334
T-shirt 536,5092480.0,3.0,3,S,Women,2025-05-19 21:12:17.712846
Hoodie 537,8671840.0,3.1,3,M,Unisex,2025-05-19 21:12:17.712846
Pants 538,6134240.0,3.4,3,L,Men,2025-05-19 21:12:17.713867
Outerwear 539,4692640.0,4.7,3,XL,Women,2025-05-19 21:12:17.714866
Jacket 540,7051840.0,4.4,3,XXL,Unisex,2025-05-19 21:12:17.714866
T-shirt 542,4761440.0,3.5,3,M,Women,2025-05-19 21:12:18.849317
Hoodie 543,8715680.0,4.7,3,L,Unisex,2025-05-19 21:12:18.849317
Pants 544,5957760.0,3.1,3,XL,Men,2025-05-19 21:12:18.850321
Outerwear 545,3579360.0,4.0,3,XXL,Women,2025-05-19 21:12:18.850835
Jacket 546,6271520.0,3.3,3,S,Unisex,2025-05-19 21:12:18.850835
Crewneck 547,5361120.0,3.9,3,M,Men,2025-05-19 21:12:18.851869
T-shirt 548,2686240.0,4.6,3,L,Women,2025-05-19 21:12:18.851869
Hoodie 549,2687200.0,3.7,3,XL,Unisex,2025-05-19 21:12:18.852844
Pants 550,4450080.0,4.9,3,XXL,Men,2025-05-19 21:12:18.852844
Jacket 552,5380320.0,4.1,3,M,Unisex,2025-05-19 21:12:18.853845
Crewneck 553,7760800.0,3.8,3,L,Men,2025-05-19 21:12:18.854847
T-shirt 554,4001120.0,4.5,3,XL,Women,2025-05-19 21:12:18.854847
Hoodie 555,1809600.0,3.0,3,XXL,Unisex,2025-05-19 21:12:18.855847
Outerwear 557,5460480.0,3.4,3,M,Women,2025-05-19 21:12:18.856844
Jacket 558,5007040.0,4.0,3,L,Unisex,2025-05-19 21:12:18.856844
Crewneck 559,1590880.0,3.5,3,XL,Men,2025-05-19 21:12:18.857842
T-shirt 560,6885280.0,4.2,3,XXL,Women,2025-05-19 21:12:18.857842
Pants 562,3724160.0,4.5,3,M,Men,2025-05-19 21:12:19.993158
Outerwear 563,8197440.000000001,4.7,3,L,Women,2025-05-19 21:12:19.993158
Jacket 564,8319200.000000001,4.3,3,XL,Unisex,2025-05-19 21:12:19.994170
Crewneck 565,7635200.0,3.5,3,XXL,Men,2025-05-19 21:12:19.994170
T-shirt 566,2611360.0,4.6,3,S,Women,2025-05-19 21:12:19.995166
Hoodie 567,4576160.0,3.2,3,M,Unisex,2025-05-19 21:12:19.995166
Pants 568,2984160.0,3.3,3,L,Men,2025-05-19 21:12:19.996169
Outerwear 569,4966880.0,4.7,3,XL,Women,2025-05-19 21:12:19.996169
Jacket 570,4000960.0,3.9,3,XXL,Unisex,2025-05-19 21:12:19.997172
T-shirt 572,4756320.0,3.2,3,M,Women,2025-05-19 21:12:19.998175
Hoodie 573,6954080.0,4.5,3,L,Unisex,2025-05-19 21:12:19.999183
Pants 574,2424000.0,3.8,3,XL,Men,2025-05-19 21:12:19.999183
Outerwear 575,3517760.0,3.4,3,XXL,Women,2025-05-19 21:12:20.000181
Jacket 576,805600.0,3.5,3,S,Unisex,2025-05-19 21:12:20.001179
Crewneck 577,7873920.0,3.3,3,M,Men,2025-05-19 21:12:20.001179
T-shirt 578,7958880.0,4.1,3,L,Women,2025-05-19 21:12:20.002700
Hoodie 579,4428640.0,4.4,3,XL,Unisex,2025-05-19 21:12:20.002700
Pants 580,2625440.0,3.3,3,XXL,Men,2025-05-19 21:12:20.003720
Jacket 582,4112160.0,4.1,3,M,Unisex,2025-05-19 21:12:21.133399
Crewneck 583,5737760.0,4.5,3,L,Men,2025-05-19 21:12:21.135109
T-shirt 584,6964960.0,4.8,3,XL,Women,2025-05-19 21:12:21.135109
Hoodie 585,6186880.0,4.9,3,XXL,Unisex,2025-05-19 21:12:21.136200
Outerwear 587,4424960.0,4.4,3,M,Women,2025-05-19 21:12:21.136200
Jacket 588,4963040.0,4.7,3,L,Unisex,2025-05-19 21:12:21.137265
Crewneck 589,931840.0,4.7,3,XL,Men,2025-05-19 21:12:21.137265
T-shirt 590,6457120.0,3.9,3,XXL,Women,2025-05-19 21:12:21.138349
Pants 592,6805440.0,4.3,3,M,Men,2025-05-19 21:12:21.138349
Outerwear 593,7163840.0,3.9,3,L,Women,2025-05-19 21:12:21.139396
Jacket 594,8707680.0,4.2,3,XL,Unisex,2025-05-19 21:12:21.139396
Crewneck 595,3723840.0,3.5,3,XXL,Men,2025-05-19 21:12:21.140400
T-shirt 596,8290400.0,4.4,3,S,Women,2025-05-19 21:12:21.140400
Hoodie 597,7969440.0,3.3,3,M,Unisex,2025-05-19 21:12:21.141396
Pants 598,4714080.0,4.1,3,L,Men,2025-05-19 21:12:21.141396
Outerwear 599,1179040.0,3.3,3,XL,Women,2025-05-19 21:12:21.142400
Jacket 600,6414080.0,3.0,3,XXL,Unisex,2025-05-19 21:12:21.142400
T-shirt 602,2260960.0,4.4,3,M,Women,2025-05-19 21:12:22.267139
Hoodie 603,7511520.0,3.1,3,L,Unisex,2025-05-19 21:12:22.268135
Pants 604,7662240.0,4.3,3,XL,Men,2025-05-19 21:12:22.268135
Outerwear 605,1710720.0,3.7,3,XXL,Women,2025-05-19 21:12:22.269137
Jacket 606,5770720.0,4.6,3,S,Unisex,2025-05-19 21:12:22.269137
Crewneck 607,3857600.0,3.1,3,M,Men,2025-05-19 21:12:22.270143
T-shirt 608,7047840.0,4.6,3,L,Women,2025-05-19 21:12:22.270143
Hoodie 609,2956320.0,4.1,3,XL,Unisex,2025-05-19 21:12:22.271144
Pants 610,4515360.0,3.3,3,XXL,Men,2025-05-19 21:12:22.271144
Jacket 612,3202720.0,3.1,3,M,Unisex,2025-05-19 21:12:22.272141
Crewneck 613,1013920.0,3.6,3,L,Men,2025-05-19 21:12:22.273139
T-shirt 614,2428160.0,3.1,3,XL,Women,2025-05-19 21:12:22.273139
Hoodie 615,4798720.0,4.8,3,XXL,Unisex,2025-05-19 21:12:22.273139
Outerwear 617,1765920.0,4.3,3,M,Women,2025-05-19 21:12:22.274655
Jacket 618,6474080.0,3.3,3,L,Unisex,2025-05-19 21:12:22.275675
Crewneck 619,8340639.999999999,4.4,3,XL,Men,2025-05-19 21:12:22.275675
T-shirt 620,2270240.0,3.3,3,XXL,Women,2025-05-19 21:12:22.276692
Pants 622,4849600.0,3.5,3,M,Men,2025-05-19 21:12:23.408705
Outerwear 623,7299520.0,4.6,3,L,Women,2025-05-19 21:12:23.408705
Jacket 624,6943200.0,3.9,3,XL,Unisex,2025-05-19 21:12:23.408705
Crewneck 625,7826400.0,4.1,3,XXL,Men,2025-05-19 21:12:23.409727
T-shirt 626,7777440.0,4.5,3,S,Women,2025-05-19 21:12:23.409727
Hoodie 627,1232320.0,3.2,3,M,Unisex,2025-05-19 21:12:23.410760
Pants 628,8113120.0,4.3,3,L,Men,2025-05-19 21:12:23.410760
Outerwear 629,3997920.0,4.4,3,XL,Women,2025-05-19 21:12:23.410760
Jacket 630,1003680.0,3.8,3,XXL,Unisex,2025-05-19 21:12:23.412202
T-shirt 632,4314240.0,3.6,3,M,Women,2025-05-19 21:12:23.412202
Hoodie 633,3128000.0,3.1,3,L,Unisex,2025-05-19 21:12:23.413341
Pants 634,8535680.0,3.9,3,XL,Men,2025-05-19 21:12:23.413341
Outerwear 635,6897120.0,4.1,3,XXL,Women,2025-05-19 21:12:23.414504
Jacket 636,3476320.0,4.5,3,S,Unisex,2025-05-19 21:12:23.414504
Crewneck 637,6030240.0,4.0,3,M,Men,2025-05-19 21:12:23.414504
T-shirt 638,5220960.0,4.6,3,L,Women,2025-05-19 21:12:23.414504
Hoodie 639,6782720.0,4.7,3,XL,Unisex,2025-05-19 21:12:23.416025
Pants 640,3038560.0,3.8,3,XXL,Men,2025-05-19 21:12:23.416598
Jacket 642,7747360.0,4.7,3,M,Unisex,2025-05-19 21:12:24.544617
Crewneck 643,6116000.0,3.2,3,L,Men,2025-05-19 21:12:24.545636
T-shirt 644,7479360.0,4.2,3,XL,Women,2025-05-19 21:12:24.545636
Hoodie 645,3285440.0,3.3,3,XXL,Unisex,2025-05-19 21:12:24.546636
Outerwear 647,4304960.0,3.8,3,M,Women,2025-05-19 21:12:24.546636
Jacket 648,8699520.0,4.5,3,L,Unisex,2025-05-19 21:12:24.548208
Crewneck 649,8588160.0,3.2,3,XL,Men,2025-05-19 21:12:24.548208
T-shirt 650,8012800.0,3.4,3,XXL,Women,2025-05-19 21:12:24.548208
Pants 652,6084960.0,3.3,3,M,Men,2025-05-19 21:12:24.549237
Outerwear 653,2622080.0,4.0,3,L,Women,2025-05-19 21:12:24.550282
Jacket 654,4089440.0,4.7,3,XL,Unisex,2025-05-19 21:12:24.550282
Crewneck 655,1834240.0,4.1,3,XXL,Men,2025-05-19 21:12:24.550282
T-shirt 656,2538720.0,4.2,3,S,Women,2025-05-19 21:12:24.551674
Hoodie 657,8459040.0,4.8,3,M,Unisex,2025-05-19 21:12:24.551674
Pants 658,6268320.0,3.8,3,L,Men,2025-05-19 21:12:24.552736
Outerwear 659,1817920.0,3.3,3,XL,Women,2025-05-19 21:12:24.552736
Jacket 660,8715200.0,3.5,3,XXL,Unisex,2025-05-19 21:12:24.554102
T-shirt 662,1422720.0,4.5,3,M,Women,2025-05-19 21:12:25.679452
Hoodie 663,7087200.0,4.0,3,L,Unisex,2025-05-19 21:12:25.679452
Pants 664,8248639.999999999,3.5,3,XL,Men,2025-05-19 21:12:25.680460
Outerwear 665,4033600.0,3.2,3,XXL,Women,2025-05-19 21:12:25.681456
Jacket 666,4844000.0,3.9,3,S,Unisex,2025-05-19 21:12:25.681456
Crewneck 667,1756640.0,3.7,3,M,Men,2025-05-19 21:12:25.682453
T-shirt 668,5044640.0,3.7,3,L,Women,2025-05-19 21:12:25.682453
Hoodie 669,2346080.0,3.3,3,XL,Unisex,2025-05-19 21:12:25.683459
Pants 670,8406720.0,4.8,3,XXL,Men,2025-05-19 21:12:25.683459
Jacket 672,4776160.0,4.5,3,M,Unisex,2025-05-19 21:12:25.684493
Crewneck 673,2803360.0,4.7,3,L,Men,2025-05-19 21:12:25.684493
T-shirt 674,3156640.0,3.1,3,XL,Women,2025-05-19 21:12:25.685493
Hoodie 675,4314880.0,3.2,3,XXL,Unisex,2025-05-19 21:12:25.686492
Outerwear 677,4657440.0,3.3,3,M,Women,2025-05-19 21:12:25.686492
Jacket 678,2777120.0,4.3,3,L,Unisex,2025-05-19 21:12:25.688016
Crewneck 679,6373120.0,3.2,3,XL,Men,2025-05-19 21:12:25.688016
T-shirt 680,8164800.0,3.2,3,XXL,Women,2025-05-19 21:12:25.689122
Pants 682,7616480.0,3.9,3,M,Men,2025-05-19 21:12:26.809947
Outerwear 683,3907360.0,3.6,3,L,Women,2025-05-19 21:12:26.809947
Jacket 684,7102560.0,3.5,3,XL,Unisex,2025-05-19 21:12:26.810945
Crewneck 685,1495840.0,4.6,3,XXL,Men,2025-05-19 21:12:26.810945
T-shirt 686,5381760.0,3.8,3,S,Women,2025-05-19 21:12:26.811945
Hoodie 687,4220800.0,4.7,3,M,Unisex,2025-05-19 21:12:26.812943
Pants 688,1487520.0,4.4,3,L,Men,2025-05-19 21:12:26.812943
Outerwear 689,1939040.0,4.6,3,XL,Women,2025-05-19 21:12:26.813967
Jacket 690,8782560.0,4.7,3,XXL,Unisex,2025-05-19 21:12:26.814965
T-shirt 692,1416480.0,4.1,3,M,Women,2025-05-19 21:12:26.815969
Hoodie 693,3031680.0,4.1,3,L,Unisex,2025-05-19 21:12:26.816966
Pants 694,2466720.0,3.4,3,XL,Men,2025-05-19 21:12:26.817966
Outerwear 695,959360.0,3.3,3,XXL,Women,2025-05-19 21:12:26.817966
Jacket 696,5146240.0,4.2,3,S,Unisex,2025-05-19 21:12:26.818971
Crewneck 697,6545120.0,5.0,3,M,Men,2025-05-19 21:12:26.820206
T-shirt 698,2444960.0,4.1,3,L,Women,2025-05-19 21:12:26.820206
Hoodie 699,5250240.0,4.5,3,XL,Unisex,2025-05-19 21:12:26.821205
Pants 700,3526560.0,4.3,3,XXL,Men,2025-05-19 21:12:26.821715
Jacket 702,4927680.0,4.3,3,M,Unisex,2025-05-19 21:12:27.987729
Crewneck 703,2949120.0,4.2,3,L,Men,2025-05-19 21:12:27.987729
T-shirt 704,6214240.0,4.1,3,XL,Women,2025-05-19 21:12:27.989055
Hoodie 705,3042880.0,3.1,3,XXL,Unisex,2025-05-19 21:12:27.989055
Outerwear 707,7746240.0,4.4,3,M,Women,2025-05-19 21:12:27.990043
Jacket 708,8541280.0,4.3,3,L,Unisex,2025-05-19 21:12:27.990043
Crewneck 709,7022400.0,3.9,3,XL,Men,2025-05-19 21:12:27.991379
T-shirt 710,3751520.0,3.2,3,XXL,Women,2025-05-19 21:12:27.992383
Pants 712,1510400.0,4.1,3,M,Men,2025-05-19 21:12:27.993852
Outerwear 713,3142880.0,4.4,3,L,Women,2025-05-19 21:12:27.993852
Jacket 714,892320.0,3.1,3,XL,Unisex,2025-05-19 21:12:27.995285
Crewneck 715,7021760.0,3.9,3,XXL,Men,2025-05-19 21:12:27.995285
T-shirt 716,3602560.0,4.9,3,S,Women,2025-05-19 21:12:27.996619
Hoodie 717,1532800.0,3.6,3,M,Unisex,2025-05-19 21:12:27.996619
Pants 718,4057120.0,3.2,3,L,Men,2025-05-19 21:12:27.996619
Outerwear 719,3172960.0,4.7,3,XL,Women,2025-05-19 21:12:27.998106
Jacket 720,2028320.0,3.8,3,XXL,Unisex,2025-05-19 21:12:27.998106
T-shirt 722,8724320.0,3.2,3,M,Women,2025-05-19 21:12:29.137245
Hoodie 723,5664800.0,3.4,3,L,Unisex,2025-05-19 21:12:29.138245
Pants 724,4824800.0,4.7,3,XL,Men,2025-05-19 21:12:29.139247
Outerwear 725,4979200.0,3.0,3,XXL,Women,2025-05-19 21:12:29.139247
Jacket 726,6345920.0,3.5,3,S,Unisex,2025-05-19 21:12:29.140242
Crewneck 727,4024000.0,4.8,3,M,Men,2025-05-19 21:12:29.141241
T-shirt 728,8173440.0,3.0,3,L,Women,2025-05-19 21:12:29.142232
Hoodie 729,6431360.0,3.6,3,XL,Unisex,2025-05-19 21:12:29.143238
Pants 730,7228800.0,4.5,3,XXL,Men,2025-05-19 21:12:29.143238
Jacket 732,6597600.0,3.9,3,M,Unisex,2025-05-19 21:12:29.144233
Crewneck 733,1162880.0,4.7,3,L,Men,2025-05-19 21:12:29.144233
T-shirt 734,6858560.0,4.2,3,XL,Women,2025-05-19 21:12:29.145851
Hoodie 735,4664320.0,4.0,3,XXL,Unisex,2025-05-19 21:12:29.146877
Outerwear 737,1015680.0,4.7,3,M,Women,2025-05-19 21:12:29.147888
Jacket 738,1893920.0,3.7,3,L,Unisex,2025-05-19 21:12:29.148880
Crewneck 739,8072960.0,3.3,3,XL,Men,2025-05-19 21:12:29.149880
T-shirt 740,7016640.0,3.4,3,XXL,Women,2025-05-19 21:12:29.150878
Pants 742,5626080.0,3.6,3,M,Men,2025-05-19 21:12:30.262561
Outerwear 743,5678080.0,3.0,3,L,Women,2025-05-19 21:12:30.264069
Jacket 744,5175680.0,4.1,3,XL,Unisex,2025-05-19 21:12:30.264069
Crewneck 745,2882560.0,3.8,3,XXL,Men,2025-05-19 21:12:30.265082
T-shirt 746,1517440.0,5.0,3,S,Women,2025-05-19 21:12:30.265082
Hoodie 747,6326880.0,4.7,3,M,Unisex,2025-05-19 21:12:30.266092
Pants 748,3134080.0,3.7,3,L,Men,2025-05-19 21:12:30.266092
Outerwear 749,2627360.0,3.2,3,XL,Women,2025-05-19 21:12:30.266092
Jacket 750,1030400.0000000001,3.7,3,XXL,Unisex,2025-05-19 21:12:30.267091
T-shirt 752,7431520.0,3.8,3,M,Women,2025-05-19 21:12:30.268091
Hoodie 753,8137600.0,4.8,3,L,Unisex,2025-05-19 21:12:30.268091
Pants 754,7229760.0,3.1,3,XL,Men,2025-05-19 21:12:30.269094
Outerwear 755,6910400.0,4.6,3,XXL,Women,2025-05-19 21:12:30.270095
Jacket 756,7128000.0,3.1,3,S,Unisex,2025-05-19 21:12:30.271097
Crewneck 757,7582720.0,4.4,3,M,Men,2025-05-19 21:12:30.271097
T-shirt 758,6025920.0,3.1,3,L,Women,2025-05-19 21:12:30.272102
Hoodie 759,2779840.0,4.7,3,XL,Unisex,2025-05-19 21:12:30.273098
Pants 760,2191040.0,4.1,3,XXL,Men,2025-05-19 21:12:30.273098
Jacket 762,4091840.0,4.9,3,M,Unisex,2025-05-19 21:12:31.395366
Crewneck 763,5792640.0,3.9,3,L,Men,2025-05-19 21:12:31.396397
T-shirt 764,7211680.0,3.4,3,XL,Women,2025-05-19 21:12:31.396397
Hoodie 765,1343360.0,4.9,3,XXL,Unisex,2025-05-19 21:12:31.396397
Outerwear 767,4152800.0,4.5,3,M,Women,2025-05-19 21:12:31.397753
Jacket 768,5662080.0,4.9,3,L,Unisex,2025-05-19 21:12:31.397753
Crewneck 769,6294560.0,3.3,3,XL,Men,2025-05-19 21:12:31.398914
T-shirt 770,1655040.0,3.5,3,XXL,Women,2025-05-19 21:12:31.398914
Pants 772,8748160.0,3.4,3,M,Men,2025-05-19 21:12:31.399914
Outerwear 773,3393600.0,3.2,3,L,Women,2025-05-19 21:12:31.399914
Jacket 774,1485760.0,4.1,3,XL,Unisex,2025-05-19 21:12:31.400918
Crewneck 775,8189440.0,3.1,3,XXL,Men,2025-05-19 21:12:31.400918
T-shirt 776,5333120.0,3.7,3,S,Women,2025-05-19 21:12:31.401918
Hoodie 777,6104800.0,3.4,3,M,Unisex,2025-05-19 21:12:31.402901
Pants 778,6034720.0,4.2,3,L,Men,2025-05-19 21:12:31.404003
Outerwear 779,5816480.0,3.2,3,XL,Women,2025-05-19 21:12:31.404003
Jacket 780,2767520.0,3.4,3,XXL,Unisex,2025-05-19 21:12:31.404003
T-shirt 782,4117439.9999999995,4.5,3,M,Women,2025-05-19 21:12:33.552284
Hoodie 783,2510720.0,3.0,3,L,Unisex,2025-05-19 21:12:33.553300
Pants 784,5341280.0,3.0,3,XL,Men,2025-05-19 21:12:33.553300
Outerwear 785,6444480.0,4.3,3,XXL,Women,2025-05-19 21:12:33.554308
Jacket 786,6749280.0,5.0,3,S,Unisex,2025-05-19 21:12:33.554308
Crewneck 787,4593600.0,4.7,3,M,Men,2025-05-19 21:12:33.555305
T-shirt 788,3041120.0,4.7,3,L,Women,2025-05-19 21:12:33.555305
Hoodie 789,2153280.0,4.0,3,XL,Unisex,2025-05-19 21:12:33.556310
Pants 790,1708320.0,3.2,3,XXL,Men,2025-05-19 21:12:33.556310
Jacket 792,4068960.0,3.8,3,M,Unisex,2025-05-19 21:12:33.557309
Crewneck 793,8650080.0,4.0,3,L,Men,2025-05-19 21:12:33.558305
T-shirt 794,5983040.0,4.0,3,XL,Women,2025-05-19 21:12:33.558305
Hoodie 795,4209600.0,3.9,3,XXL,Unisex,2025-05-19 21:12:33.558305
Outerwear 797,2771360.0,4.9,3,M,Women,2025-05-19 21:12:33.559309
Jacket 798,4391040.0,3.4,3,L,Unisex,2025-05-19 21:12:33.560309
Crewneck 799,4048800.0,4.2,3,XL,Men,2025-05-19 21:12:33.560826
T-shirt 800,7433280.0,4.6,3,XXL,Women,2025-05-19 21:12:33.560826
Pants 802,5710240.0,4.4,3,M,Men,2025-05-19 21:12:34.720557
Outerwear 803,1875360.0,4.3,3,L,Women,2025-05-19 21:12:34.720557
Jacket 804,4459040.0,3.9,3,XL,Unisex,2025-05-19 21:12:34.721553
Crewneck 805,3266720.0,4.8,3,XXL,Men,2025-05-19 21:12:34.721553
T-shirt 806,7310560.0,3.0,3,S,Women,2025-05-19 21:12:34.721553
Hoodie 807,5016000.0,4.7,3,M,Unisex,2025-05-19 21:12:34.723067
Pants 808,8717760.0,3.2,3,L,Men,2025-05-19 21:12:34.723067
Outerwear 809,7162560.0,3.7,3,XL,Women,2025-05-19 21:12:34.724084
Jacket 810,3796640.0,4.8,3,XXL,Unisex,2025-05-19 21:12:34.724084
T-shirt 812,6406080.0,4.2,3,M,Women,2025-05-19 21:12:34.725095
Hoodie 813,4872800.0,5.0,3,L,Unisex,2025-05-19 21:12:34.726099
Pants 814,1110080.0,4.7,3,XL,Men,2025-05-19 21:12:34.727098
Outerwear 815,5985440.0,4.8,3,XXL,Women,2025-05-19 21:12:34.727098
Jacket 816,1649120.0,4.5,3,S,Unisex,2025-05-19 21:12:34.728097
Crewneck 817,8744160.0,4.4,3,M,Men,2025-05-19 21:12:34.728097
T-shirt 818,5160320.0,3.8,3,L,Women,2025-05-19 21:12:34.729096
Hoodie 819,4742400.0,4.7,3,XL,Unisex,2025-05-19 21:12:34.730101
Pants 820,6030720.0,3.4,3,XXL,Men,2025-05-19 21:12:34.730101
Jacket 822,838240.0,4.2,3,M,Unisex,2025-05-19 21:12:35.878509
Crewneck 823,6103520.0,4.7,3,L,Men,2025-05-19 21:12:35.878509
T-shirt 824,3301440.0,4.1,3,XL,Women,2025-05-19 21:12:35.879506
Hoodie 825,1058400.0,3.8,3,XXL,Unisex,2025-05-19 21:12:35.879506
Outerwear 827,7091040.0,4.8,3,M,Women,2025-05-19 21:12:35.880512
Jacket 828,2324000.0,4.6,3,L,Unisex,2025-05-19 21:12:35.881507
Crewneck 829,4630400.0,4.4,3,XL,Men,2025-05-19 21:12:35.882505
T-shirt 830,4496480.0,3.0,3,XXL,Women,2025-05-19 21:12:35.882505
Pants 832,3955360.0,4.6,3,M,Men,2025-05-19 21:12:35.884505
Outerwear 833,7101280.0,3.0,3,L,Women,2025-05-19 21:12:35.884505
Jacket 834,7223680.0,3.1,3,XL,Unisex,2025-05-19 21:12:35.885515
Crewneck 835,7143360.0,3.9,3,XXL,Men,2025-05-19 21:12:35.886034
T-shirt 836,6065440.0,4.1,3,S,Women,2025-05-19 21:12:35.887059
Hoodie 837,5532640.0,5.0,3,M,Unisex,2025-05-19 21:12:35.887059
Pants 838,2848800.0,3.1,3,L,Men,2025-05-19 21:12:35.888046
Outerwear 839,4208320.0,3.9,3,XL,Women,2025-05-19 21:12:35.889046
Jacket 840,8164640.0,3.6,3,XXL,Unisex,2025-05-19 21:12:35.889046
T-shirt 842,2859040.0,3.3,3,M,Women,2025-05-19 21:12:37.039463
Hoodie 843,2997120.0,3.6,3,L,Unisex,2025-05-19 21:12:37.040475
Pants 844,7422880.0,3.9,3,XL,Men,2025-05-19 21:12:37.040475
Outerwear 845,2023200.0,3.2,3,XXL,Women,2025-05-19 21:12:37.041477
Jacket 846,7480480.0,3.6,3,S,Unisex,2025-05-19 21:12:37.041477
Crewneck 847,4789920.0,3.7,3,M,Men,2025-05-19 21:12:37.042481
T-shirt 848,6134240.0,4.1,3,L,Women,2025-05-19 21:12:37.043480
Hoodie 849,7816160.0,3.5,3,XL,Unisex,2025-05-19 21:12:37.043480
Pants 850,4144160.0,4.2,3,XXL,Men,2025-05-19 21:12:37.044477
Jacket 852,2777280.0,4.1,3,M,Unisex,2025-05-19 21:12:37.046477
Crewneck 853,2643840.0,3.4,3,L,Men,2025-05-19 21:12:37.046477
T-shirt 854,1600000.0,4.5,3,XL,Women,2025-05-19 21:12:37.047488
Hoodie 855,3249760.0,5.0,3,XXL,Unisex,2025-05-19 21:12:37.048477
Outerwear 857,4532800.0,3.0,3,M,Women,2025-05-19 21:12:37.048985
Jacket 858,3748640.0,3.7,3,L,Unisex,2025-05-19 21:12:37.050319
Crewneck 859,6418560.0,3.0,3,XL,Men,2025-05-19 21:12:37.050319
T-shirt 860,2419360.0,4.7,3,XXL,Women,2025-05-19 21:12:37.052323
Pants 862,4131359.9999999995,3.3,3,M,Men,2025-05-19 21:12:38.191166
Outerwear 863,1071360.0,4.0,3,L,Women,2025-05-19 21:12:38.192197
Jacket 864,2168000.0,4.5,3,XL,Unisex,2025-05-19 21:12:38.193179
Crewneck 865,6805120.0,3.9,3,XXL,Men,2025-05-19 21:12:38.193179
T-shirt 866,2399040.0,3.2,3,S,Women,2025-05-19 21:12:38.194178
Hoodie 867,1303840.0,3.3,3,M,Unisex,2025-05-19 21:12:38.195182
Pants 868,7473760.0,4.6,3,L,Men,2025-05-19 21:12:38.195182
Outerwear 869,6040320.0,4.5,3,XL,Women,2025-05-19 21:12:38.196179
Jacket 870,6395040.0,3.5,3,XXL,Unisex,2025-05-19 21:12:38.196179
T-shirt 872,1343680.0,4.3,3,M,Women,2025-05-19 21:12:38.198619
Hoodie 873,8321600.0,4.8,3,L,Unisex,2025-05-19 21:12:38.198619
Pants 874,2755200.0,4.4,3,XL,Men,2025-05-19 21:12:38.199618
Outerwear 875,2506720.0,4.6,3,XXL,Women,2025-05-19 21:12:38.200618
Jacket 876,3225760.0,4.6,3,S,Unisex,2025-05-19 21:12:38.201138
Crewneck 877,4552640.0,4.6,3,M,Men,2025-05-19 21:12:38.203176
T-shirt 878,4809760.0,4.7,3,L,Women,2025-05-19 21:12:38.204170
Hoodie 879,1026880.0000000001,3.1,3,XL,Unisex,2025-05-19 21:12:38.204170
Pants 880,6497760.0,4.3,3,XXL,Men,2025-05-19 21:12:38.205178
Jacket 882,6420960.0,3.3,3,M,Unisex,2025-05-19 21:12:39.344812
Crewneck 883,5901120.0,3.6,3,L,Men,2025-05-19 21:12:39.345905
T-shirt 884,7414720.0,4.3,3,XL,Women,2025-05-19 21:12:39.346962
Hoodie 885,4760640.0,3.4,3,XXL,Unisex,2025-05-19 21:12:39.346962
Outerwear 887,7806400.0,3.8,3,M,Women,2025-05-19 21:12:39.348969
Jacket 888,7869280.0,4.2,3,L,Unisex,2025-05-19 21:12:39.348969
Crewneck 889,6333920.0,4.6,3,XL,Men,2025-05-19 21:12:39.349972
T-shirt 890,6439040.0,4.7,3,XXL,Women,2025-05-19 21:12:39.350980
Pants 892,8515360.0,4.4,3,M,Men,2025-05-19 21:12:39.352498
Outerwear 893,2673600.0,3.2,3,L,Women,2025-05-19 21:12:39.353713
Jacket 894,2946560.0,4.8,3,XL,Unisex,2025-05-19 21:12:39.353713
Crewneck 895,1126720.0,4.3,3,XXL,Men,2025-05-19 21:12:39.354735
T-shirt 896,7873760.0,4.9,3,S,Women,2025-05-19 21:12:39.354735
Hoodie 897,6077920.0,3.1,3,M,Unisex,2025-05-19 21:12:39.355731
Pants 898,8408640.0,4.1,3,L,Men,2025-05-19 21:12:39.355731
Outerwear 899,6192960.0,4.8,3,XL,Women,2025-05-19 21:12:39.356711
Jacket 900,7214240.0,3.3,3,XXL,Unisex,2025-05-19 21:12:39.357738
T-shirt 902,3164000.0,3.6,3,M,Women,2025-05-19 21:12:40.476118
Hoodie 903,2617920.0,4.1,3,L,Unisex,2025-05-19 21:12:40.477093
Pants 904,3356320.0,3.9,3,XL,Men,2025-05-19 21:12:40.478130
Outerwear 905,5027840.0,4.9,3,XXL,Women,2025-05-19 21:12:40.478130
Jacket 906,4301760.0,3.9,3,S,Unisex,2025-05-19 21:12:40.479109
Crewneck 907,8732640.0,4.9,3,M,Men,2025-05-19 21:12:40.480121
T-shirt 908,7954880.0,4.2,3,L,Women,2025-05-19 21:12:40.480121
Hoodie 909,8383840.0,3.6,3,XL,Unisex,2025-05-19 21:12:40.481116
Pants 910,2395200.0,4.7,3,XXL,Men,2025-05-19 21:12:40.482121
Jacket 912,7853280.0,4.9,3,M,Unisex,2025-05-19 21:12:40.483115
Crewneck 913,3222240.0,3.5,3,L,Men,2025-05-19 21:12:40.483115
T-shirt 914,5799200.0,4.6,3,XL,Women,2025-05-19 21:12:40.484313
Hoodie 915,2649120.0,4.2,3,XXL,Unisex,2025-05-19 21:12:40.484313
Outerwear 917,6061600.0,4.0,3,M,Women,2025-05-19 21:12:40.486341
Jacket 918,5380800.0,3.3,3,L,Unisex,2025-05-19 21:12:40.487340
Crewneck 919,8364000.0,4.7,3,XL,Men,2025-05-19 21:12:40.487340
T-shirt 920,3706080.0,3.2,3,XXL,Women,2025-05-19 21:12:40.489342
Pants 922,1210880.0,4.4,3,M,Men,2025-05-19 21:12:41.612630
Outerwear 923,2435840.0,3.7,3,L,Women,2025-05-19 21:12:41.614173
Jacket 924,3764320.0,3.8,3,XL,Unisex,2025-05-19 21:12:41.615214
Crewneck 925,7900800.0,4.5,3,XXL,Men,2025-05-19 21:12:41.616214
T-shirt 926,1911040.0,4.6,3,S,Women,2025-05-19 21:12:41.616214
Hoodie 927,7706400.0,3.5,3,M,Unisex,2025-05-19 21:12:41.617212
Pants 928,3911680.0,3.4,3,L,Men,2025-05-19 21:12:41.618740
Outerwear 929,1253440.0,3.3,3,XL,Women,2025-05-19 21:12:41.619765
Jacket 930,1741120.0,4.9,3,XXL,Unisex,2025-05-19 21:12:41.620766
T-shirt 932,5937600.0,4.2,3,M,Women,2025-05-19 21:12:41.622760
Hoodie 933,4960800.0,3.4,3,L,Unisex,2025-05-19 21:12:41.623765
Pants 934,2248160.0,3.6,3,XL,Men,2025-05-19 21:12:41.624760
Outerwear 935,6048000.0,4.1,3,XXL,Women,2025-05-19 21:12:41.625275
Jacket 936,6165440.0,3.1,3,S,Unisex,2025-05-19 21:12:41.626295
Crewneck 937,2475360.0,4.1,3,M,Men,2025-05-19 21:12:41.627312
T-shirt 938,4058400.0,3.6,3,L,Women,2025-05-19 21:12:41.627312
Hoodie 939,4466080.0,4.8,3,XL,Unisex,2025-05-19 21:12:41.628309
Pants 940,5776000.0,3.7,3,XXL,Men,2025-05-19 21:12:41.629308
Jacket 942,7972960.0,3.0,3,M,Unisex,2025-05-19 21:12:42.824677
Crewneck 943,4571040.0,4.4,3,L,Men,2025-05-19 21:12:42.824677
T-shirt 944,1578240.0,4.6,3,XL,Women,2025-05-19 21:12:42.825678
Hoodie 945,2107680.0,4.2,3,XXL,Unisex,2025-05-19 21:12:42.825678
Outerwear 947,7079680.0,4.6,3,M,Women,2025-05-19 21:12:42.826678
Jacket 948,4600480.0,3.9,3,L,Unisex,2025-05-19 21:12:42.828020
Crewneck 949,1844320.0,4.4,3,XL,Men,2025-05-19 21:12:42.829083
T-shirt 950,7691680.0,4.9,3,XXL,Women,2025-05-19 21:12:42.829083
Pants 952,7155040.0,3.7,3,M,Men,2025-05-19 21:12:42.830080
Outerwear 953,8423200.0,3.8,3,L,Women,2025-05-19 21:12:42.831412
Jacket 954,3878720.0,4.1,3,XL,Unisex,2025-05-19 21:12:42.832412
Crewneck 955,7006560.0,4.7,3,XXL,Men,2025-05-19 21:12:42.832412
T-shirt 956,4457600.0,3.1,3,S,Women,2025-05-19 21:12:42.833412
Hoodie 957,4024320.0,4.4,3,M,Unisex,2025-05-19 21:12:42.834386
Pants 958,3946240.0,4.8,3,L,Men,2025-05-19 21:12:42.834386
Outerwear 959,6828480.0,4.6,3,XL,Women,2025-05-19 21:12:42.835393
Jacket 960,5840160.0,4.5,3,XXL,Unisex,2025-05-19 21:12:42.835393
T-shirt 962,2887840.0,4.1,3,M,Women,2025-05-19 21:12:44.018717
Hoodie 963,7916160.0,4.6,3,L,Unisex,2025-05-19 21:12:44.019711
Pants 964,3885280.0,3.3,3,XL,Men,2025-05-19 21:12:44.019711
Outerwear 965,3107200.0,4.5,3,XXL,Women,2025-05-19 21:12:44.020711
Jacket 966,8499520.0,4.9,3,S,Unisex,2025-05-19 21:12:44.020711
Crewneck 967,1744000.0,3.5,3,M,Men,2025-05-19 21:12:44.022005
T-shirt 968,4045120.0,4.4,3,L,Women,2025-05-19 21:12:44.022005
Hoodie 969,4231840.0,3.8,3,XL,Unisex,2025-05-19 21:12:44.023015
Pants 970,952960.0,4.6,3,XXL,Men,2025-05-19 21:12:44.023015
Jacket 972,7272000.0,4.4,3,M,Unisex,2025-05-19 21:12:44.025563
Crewneck 973,7134400.0,3.9,3,L,Men,2025-05-19 21:12:44.026586
T-shirt 974,4769280.0,3.0,3,XL,Women,2025-05-19 21:12:44.027579
Hoodie 975,4816000.0,3.6,3,XXL,Unisex,2025-05-19 21:12:44.028585
Outerwear 977,3356000.0,3.6,3,M,Women,2025-05-19 21:12:44.030584
Jacket 978,3918240.0,3.6,3,L,Unisex,2025-05-19 21:12:44.031586
Crewneck 979,4848480.0,3.4,3,XL,Men,2025-05-19 21:12:44.031586
T-shirt 980,6544000.0,3.1,3,XXL,Women,2025-05-19 21:12:44.032585
Pants 982,7281760.0,4.9,3,M,Men,2025-05-19 21:12:45.160191
Outerwear 983,5762560.0,3.2,3,L,Women,2025-05-19 21:12:45.160191
Jacket 984,7349440.0,3.8,3,XL,Unisex,2025-05-19 21:12:45.161194
Crewneck 985,6236000.0,4.3,3,XXL,Men,2025-05-19 21:12:45.161194
T-shirt 986,6713760.0,4.5,3,S,Women,2025-05-19 21:12:45.162192
Hoodie 987,4008000.0,4.7,3,M,Unisex,2025-05-19 21:12:45.162192
Pants 988,2054239.9999999998,3.5,3,L,Men,2025-05-19 21:12:45.163193
Outerwear 989,6869440.0,4.2,3,XL,Women,2025-05-19 21:12:45.163193
Jacket 990,3327360.0,4.2,3,XXL,Unisex,2025-05-19 21:12:45.164190
T-shirt 992,4840480.0,4.9,3,M,Women,2025-05-19 21:12:45.165191
Hoodie 993,6361920.0,3.4,3,L,Unisex,2025-05-19 21:12:45.165191
Pants 994,1693760.0,4.4,3,XL,Men,2025-05-19 21:12:45.166190
Outerwear 995,8046720.0,3.2,3,XXL,Women,2025-05-19 21:12:45.166190
Jacket 996,6942400.0,4.3,3,S,Unisex,2025-05-19 21:12:45.168724
Crewneck 997,5321280.0,3.9,3,M,Men,2025-05-19 21:12:45.169728
T-shirt 998,908000.0,4.2,3,L,Women,2025-05-19 21:12:45.169728
Hoodie 999,8534240.0,4.8,3,XL,Unisex,2025-05-19 21:12:45.170731
Pants 1000,2938240.0,4.7,3,XXL,Men,2025-05-19 21:12:45.170731
